date,location,name,price
Apr 25, (GarageTRS),2015 Harley Davidson Softail Slim with Warrenty! FINANCE TODAY!,$12899
Apr 25, (~ Hummer_ H3_ Luxury),2008 *Hummer* *H3* Luxury IN HOUSE FINANCE FREE SHIPPING WARRANTY,$14950
Apr 25, (GarageTRS),MUST SELL!! NEED SPACE! 2013 Polaris RZR 800S LE,$9499
Apr 25, (GarageTRS),2015 Hyosung Aquila GV250 PERFECT Starter Bike!,$3499
Apr 25, (Greenville),02 Ford Excursion v10,$2500
Apr 25, (asheville),2004 Dodge Ram 2500 ^_^Great Body No Rust^_^,$2075
Apr 25, (swannanoa),Mac Mini (Mid 2007),$100
Apr 25, (swannanoa),Mac Mini (Late 2009),$250
Apr 25, (Swannanoa),"14"" Asus Laptop",$400
Apr 25, (Swannanoa),HP Stream Laptop,$150
Apr 25, (Swannanoa),"27"" iMac (Late 2009)",$600
Apr 25, (swannanoa),"15.6"" HP ProBook",$250
Apr 25, (Swannanoa),"12"" Lenovo ThinkPad Laptop",$300
Apr 25, (Swannanoa),Dell Optiplex 390 Tower - Black,$200
Apr 25, (Etowah),Propane fireplace/stove and mantle,$500
Apr 25, (east asheville),"Roof Access Door, New",$250
Apr 25, (Knoxville),07 cummins,$20000
Apr 25, (FLAT ROCK),WHEEL DOLLIES (SET OF 4),$175
Apr 25, (Asheville),Ford explorer,$1800
Apr 25, (Asheville),Elephant ~ pretty - small ~  w/Bows,$15
Apr 25, (Asheville),"Large, Thick, Cloth Room Divider ~ 1950's Fabric Panels",$45
Apr 25, (Hendersonville),Antique Iron Metal Headboard / Footboard,$40
Apr 25, (Waynesville),2008 Kia Sedona parts,$1
Apr 25, (Asheville),2000 Jeep Cherokee Sport 4.0,$4900
Apr 25, (AMERICAN AUTO SALES),2003 HONDA ELEMENT AWD,$5900
Apr 25, (wnc),"AKAI  Tuner/Amp ,25 WATT ,and all accessories",$250
Apr 25, (224 South Grove Street Unit L),Private room for rent in office suite,$350
Apr 25, (North Asheville),Portable Clothing Storage Unit,$15
Apr 25, (Old Fort),Maple Book Cases,$150
Apr 25, (2015 Mercedes-Benz Sprinter Vans),2015 Mercedes-Benz Sprinter Vans Van Sprinter Vans Mercedes-Benz,$38189
Apr 25, (Weaverville),Canon EF 17-35mm f/2.8 L USM Lens -Exc,$525
Apr 25, (East Asheville),Italian Bar Stools (antique),$75
Apr 25," (Leicester, NC)",All Man Magazine - 1959,$3
Apr 25, (Waynesville),2006 Chrysler 300 parts,$1
Apr 25," (Franklin, NC)",Complete 305 Chevy Engine,$200
Apr 25, (Hendersonville),Ford explorer,$7500
Apr 25, (spartanburg sc),Torch Outfit,$249
Apr 25, (Waynesville),Car Batteries $5 for bad $10 for good,$10
Apr 25, (Candler),Weider Power Tower Station,$80
Apr 25, (Asheville),Cold Air Intake for 2004.5 to 2005 GM Duramax,$400
Apr 25, (AMERICAN AUTO SALES),2006 HONDA ACCORD,$5900
Apr 25, (Forest City),HARLEY DAVIDSON seats  Ford Super Duty,$2000
Apr 25, (downtown Asheville),"2009 Toyota Tacoma, 4x4 102,000, ext. cab $13,900",$139000
Apr 25, (Delivered),Premium Horse Hay!  2017 Production,$7
Apr 25, (Asheville),Mission Oak Cabinet/Bookcase,$625
Apr 25, (Haywood),98 Jeep Wrangler,$7000
Apr 25, (Asheville n c),Blue Spice Rack 1960's w/containers,$22
Apr 25, (Asheville n c),Doll Carriage,$22
Apr 25, (Asheville),Mission Oak Antique Cabinet/Bookcase,$625
Apr 25, (weaverville n c),"McCoy , Peter Piper, California Cookie Jars (Reduced)",$46
Apr 25, (near Asheville Airport),Lion waterfall water feature only,$20
Apr 25, (Asheville),"Abbyson Living Emma Nursery Swivel Glider Recliner Chair, Grey",$300
Apr 25, (Asheville n c),"WTB Vintage Mandolins, Violins, Guitars",$1
Apr 25, (Asheville),2007 Ford Mustang - Excellent Condition,$8500
Apr 25, (Asheville),Antique Oak Cabinet/Bookcase,$625
Apr 25, (Asheville),Moe's Home Collection Colvin Sideboard in Natural,$500
Apr 25, (Asheville NC),Epiphone  MM30 Mandolin,$135
Apr 25, (Asheville),SEINFELD-Seasons 1-6 and Season 9,$50
Apr 25, (Asheville),Moe's Home Collection Colvin Sideboard in Natural,$500
Apr 25, (Greenville),2017 ktm 250sx BRAND NEW NEVER CRANKED,$7500
Apr 25, (AMERICAN AUTO SALES),2006 SUBARU BAJA TURBO,$9900
Apr 25, (North Asheville),Canon 5D MK II Body - Low Shutter Count,$900
Apr 25, (North Asheville),"Lots of New Camera Manfrotto Tripods, Monopods & Other",$49
Apr 25, (North Asheville),Brand New Verbatim pack of 30 DVD-r,$10
Apr 25, (North Asheville),PT 609 Pro Mag.,$12
Apr 25," (Waynesville, NC)",Large 6' - 8' Solid Wood Dining Table with 8 chairs,$500
Apr 25, (Weaverville),Tony Lama Women's Cowgirl Boots - Brand New - size 8.5 B,$89
Apr 25, (Weaverville),Breyer Horse Tractor Supply Exclusive Maverick Missouri Fox Trot - NIB,$30
Apr 25," (Brevard, NC)",Singer Golden Touch & Sew Deluxe Zig-Zag Model 750 Sewing Machine,$85
Apr 25, (Weaverville),"THULE Bicycle Rack, 4-bike, Hitch mount, Very Good Condition",$65
Apr 25," (Waynesville, NC)",Wood Slanted Drop Front Desk,$110
Apr 25," (Waynesville, NC)",Cabinets - Currently in a garage,$35
Apr 25," (Waynesville, NC)",Wood Pantry Cabinet,$110
Apr 25, (North Asheville),Cardinal Health NPWT Black Foam Dressing Kit X 10 - Sz. Small,$79
Apr 25," (Brevard, NC)",Small Cast Iron Kettle - no cracks,$75
Apr 25, (North Asheville),Cardinal Health NPWT Black Foam Dressing Kit X 10 - Sz. Small,$79
Apr 25, (North Asheville),PT 609 Pro Mag.,$12
Apr 25, (Old Fort),Marvin Bailey Face Jug,$150
Apr 25," (Waynesville, NC)",Large Quilting Frame,$55
Apr 25," (Brevard, NC)",2 Magnavox speakers,$20
Apr 25," (Brevard, NC)",Wood Pantry Cabinet,$150
Apr 25, (hendersonville),Wedding Dress,$800
Apr 25," (Waynesville, NC)",Vintage School Desk,$75
Apr 25," (Brevard,NC)",5 Jenson Surround Sound Speakers,$30
Apr 25, (CANDLER),Schwinn Johnny B Spinning Bike,$225
Apr 25, (Asheville near Downtown),Still Life 1962 Litho Print ~ S. Roesen,$20
Apr 25," (Brevard, NC)",4 cinema Surround Speakers,$20
Apr 25," (Brevard, NC)",Large 3 leg cast iron pot/kettle no cracks,$95
Apr 25," (Brevard, NC)",2 RCA Speaker,$10
Apr 25, (Rutherfordton),Vintage Porcelain True Value Sign,$1200
Apr 25, (Hendersonville),Tiger Oak Dresser,$299
Apr 25," (Brevard, NC)",Antique Vanity with Mirror and Stool,$109
Apr 25," (Brevard, NC)",Kenmore Trash Compactor Model 1398581,$35
Apr 25," (Brevard, NC)",Star 35SSA 170 Hot Dog Capacity Hot Dog Steamer W/ Bun Warmer,$90
Apr 25," (Waynesville, NC)",Pantry Cabinet,$90
Apr 25, (Marion),1994 Honda Civic 2 Dr Coupe,$2
Apr 25, (marion),1968 Camaro,$26500
Apr 25, (Asheville),Samsung Galaxy Tab Pro Android Tablet,$120
